{
  "timestamp": "2025-11-06T22:10:46.139066",
  "base_model": "sentence-transformers/all-MiniLM-L6-v2",
  "num_epochs": 3,
  "batch_size": 16,
  "learning_rate": 2e-05,
  "agent_metrics": {
    "financial": {
      "precision": 0.875,
      "recall": 0.875,
      "f1": 0.875,
      "accuracy": 0.9090909090909091,
      "train_examples": 44,
      "val_examples": 8
    },
    "leadgen": {
      "precision": 1.0,
      "recall": 0.7142857142857143,
      "f1": 0.8333333333333334,
      "accuracy": 0.9090909090909091,
      "train_examples": 29,
      "val_examples": 7
    },
    "market": {
      "precision": 1.0,
      "recall": 1.0,
      "f1": 1.0,
      "accuracy": 1.0,
      "train_examples": 63,
      "val_examples": 14
    },
    "operations": { 
      "precision": 0.8125,
      "recall": 0.9285714285714286,
      "f1": 0.8666666666666667,
      "accuracy": 0.8181818181818182,
      "train_examples": 50,
      "val_examples": 14
    }
  },
  "avg_f1": 0.89375,
  "avg_precision": 0.921875,
  "avg_recall": 0.8794642857142858,
  "exact_match_accuracy": 0.7727272727272727,
  "training_examples": 105,
  "validation_examples": 22
}